	observed_features
14989.skin.hip.CMU.16.03.2016.02.25.day1	66
14989.skin.hip.CMU.16.03.2016.3.day10	54
14989.skin.hip.CMU.16.03.2016.3.day11	33
14989.skin.hip.CMU.16.03.2016.3.day12	30
14989.skin.hip.CMU.16.03.2016.3.day13	74
14989.skin.hip.CMU.16.03.2016.3.day15	38
14989.skin.hip.CMU.16.03.2016.3.day16	48
14989.skin.hip.CMU.16.03.2016.3.day17	28
14989.skin.hip.CMU.16.03.2016.3.day18	26
14989.skin.hip.CMU.16.03.2016.3.day2	36
14989.skin.hip.CMU.16.03.2016.3.day20	46
14989.skin.hip.CMU.16.03.2016.3.day21	48
14989.skin.hip.CMU.16.03.2016.3.day5	31
14989.skin.hip.CMU.16.03.2016.3.day8	36
14989.skin.hip.CMU.16.03.2016.3.day9	76
14989.skin.hip.CMU.16.04.2016.mo.day1	42
14989.skin.hip.CMU.16.04.2016.mo.day11	21
14989.skin.hip.CMU.16.04.2016.mo.day13	35
14989.skin.hip.CMU.16.04.2016.mo.day15	20
14989.skin.hip.CMU.16.04.2016.mo.day16	63
14989.skin.hip.CMU.16.04.2016.mo.day17	30
14989.skin.hip.CMU.16.04.2016.mo.day18	47
14989.skin.hip.CMU.16.04.2016.mo.day19	27
14989.skin.hip.CMU.16.04.2016.mo.day20	34
14989.skin.hip.CMU.16.04.2016.mo.day9	79
14989.skin.hip.CMU.16.05.2016.mo.day1	60
14989.skin.hip.CMU.16.05.2016.mo.day10	55
14989.skin.hip.CMU.16.05.2016.mo.day11	67
14989.skin.hip.CMU.16.05.2016.mo.day12	35
14989.skin.hip.CMU.16.05.2016.mo.day13	44
14989.skin.hip.CMU.16.05.2016.mo.day14	30
14989.skin.hip.CMU.16.05.2016.mo.day15	39
14989.skin.hip.CMU.16.05.2016.mo.day16	35
14989.skin.hip.CMU.16.05.2016.mo.day17	26
14989.skin.hip.CMU.16.05.2016.mo.day18	19
14989.skin.hip.CMU.16.05.2016.mo.day19	47
14989.skin.hip.CMU.16.05.2016.mo.day2	77
14989.skin.hip.CMU.16.05.2016.mo.day20	32
14989.skin.hip.CMU.16.05.2016.mo.day21	33
14989.skin.hip.CMU.16.05.2016.mo.day3	103
14989.skin.hip.CMU.16.05.2016.mo.day4	92
14989.skin.hip.CMU.16.05.2016.mo.day8	55
14989.skin.hip.CMU.16.05.2016.mo.day9	42
14989.skin.hip.UTK.K016.01.2016.04.07.day3	143
14989.skin.hip.UTK.K016.01.2016.04.11.day7	25
14989.skin.hip.UTK.K016.01.2016.04.12.day8	22
14989.skin.hip.UTK.K016.01.2016.04.13.day9	50
14989.skin.hip.UTK.K016.01.2016.04.14.day10	46
14989.skin.hip.UTK.K016.01.2016.04.15.day11	60
14989.skin.hip.UTK.K016.01.2016.04.16.day12	50
14989.skin.hip.UTK.K016.02.2016.04.13.day1	21
14989.skin.hip.UTK.K016.02.2016.04.14.day2	14
14989.skin.hip.UTK.K016.02.2016.04.15.day3	22
14989.skin.hip.UTK.K016.02.2016.04.16.day4	30
14989.skin.hip.UTK.K016.02.2016.04.17.day5	20
14989.skin.hip.UTK.K016.02.2016.04.18.day6	38
14989.soil.hip.CMU.16.03.2016.3.day1	47
14989.soil.hip.CMU.16.03.2016.3.day11	88
14989.soil.hip.CMU.16.03.2016.3.day12	58
14989.soil.hip.CMU.16.03.2016.3.day13	88
14989.soil.hip.CMU.16.03.2016.3.day14	104
14989.soil.hip.CMU.16.03.2016.3.day16	165
14989.soil.hip.CMU.16.03.2016.3.day19	72
14989.soil.hip.CMU.16.03.2016.3.day2	37
14989.soil.hip.CMU.16.03.2016.3.day20	112
14989.soil.hip.CMU.16.03.2016.3.day21	61
14989.soil.hip.CMU.16.03.2016.3.day3	79
14989.soil.hip.CMU.16.03.2016.3.day4	55
14989.soil.hip.CMU.16.03.2016.3.day5	119
14989.soil.hip.CMU.16.03.2016.3.day7	87
14989.soil.hip.CMU.16.03.2016.3.day8	92
14989.soil.hip.CMU.16.03.2016.3.day9	99
14989.soil.hip.CMU.16.04.2016.mo.day1	104
14989.soil.hip.CMU.16.04.2016.mo.day11	69
14989.soil.hip.CMU.16.04.2016.mo.day12	151
14989.soil.hip.CMU.16.04.2016.mo.day13	115
14989.soil.hip.CMU.16.04.2016.mo.day14	106
14989.soil.hip.CMU.16.04.2016.mo.day15	45
14989.soil.hip.CMU.16.04.2016.mo.day16	81
14989.soil.hip.CMU.16.04.2016.mo.day17	31
14989.soil.hip.CMU.16.04.2016.mo.day18	140
14989.soil.hip.CMU.16.04.2016.mo.day2	74
14989.soil.hip.CMU.16.04.2016.mo.day21	90
14989.soil.hip.CMU.16.04.2016.mo.day4	92
14989.soil.hip.CMU.16.04.2016.mo.day5	130
14989.soil.hip.CMU.16.04.2016.mo.day6	59
14989.soil.hip.CMU.16.04.2016.mo.day7	86
14989.soil.hip.CMU.16.04.2016.mo.day8	116
14989.soil.hip.CMU.16.04.2016.mo.day9	125
14989.soil.hip.CMU.16.05.2016.mo.day1	101
14989.soil.hip.CMU.16.05.2016.mo.day10	59
14989.soil.hip.CMU.16.05.2016.mo.day12	62
14989.soil.hip.CMU.16.05.2016.mo.day13	63
14989.soil.hip.CMU.16.05.2016.mo.day14	71
14989.soil.hip.CMU.16.05.2016.mo.day16	71
14989.soil.hip.CMU.16.05.2016.mo.day18	78
14989.soil.hip.CMU.16.05.2016.mo.day19	73
14989.soil.hip.CMU.16.05.2016.mo.day2	90
14989.soil.hip.CMU.16.05.2016.mo.day21	35
14989.soil.hip.CMU.16.05.2016.mo.day3	91
14989.soil.hip.CMU.16.05.2016.mo.day4	187
14989.soil.hip.SHSU.2016.007.2016.04.17.day3	68
14989.soil.hip.SHSU.2016.007.2016.04.18.day4	52
14989.soil.hip.SHSU.2016.007.2016.04.20.day6	32
14989.soil.hip.SHSU.2016.007.2016.04.21.day7	31
14989.soil.hip.SHSU.2016.011.2016.04.15.day1	82
14989.soil.hip.SHSU.2016.011.2016.04.16.day2	115
14989.soil.hip.SHSU.2016.011.2016.04.17.day3	29
14989.soil.hip.SHSU.2016.011.2016.04.18.day4	88
14989.soil.hip.SHSU.2016.011.2016.04.20.day6	27
14989.soil.hip.SHSU.2016.011.2016.04.21.day7	63
14989.soil.hip.SHSU.2016.024.2016.04.15.day1	92
14989.soil.hip.SHSU.2016.024.2016.04.17.day3	98
14989.soil.hip.SHSU.2016.024.2016.04.18.day4	63
14989.soil.hip.SHSU.2016.024.2016.04.20.day6	33
14989.soil.hip.SHSU.2016.024.2016.04.21.day7	48
14989.soil.hip.UTK.K016.01.2016.04.05.day1	103
14989.soil.hip.UTK.K016.01.2016.04.06.day2	152
14989.soil.hip.UTK.K016.01.2016.04.08.day4	90
14989.soil.hip.UTK.K016.01.2016.04.09.day5	60
14989.soil.hip.UTK.K016.01.2016.04.10.day6	102
14989.soil.hip.UTK.K016.01.2016.04.11.day7	178
14989.soil.hip.UTK.K016.01.2016.04.12.day8	154
14989.soil.hip.UTK.K016.01.2016.04.13.day9	115
14989.soil.hip.UTK.K016.01.2016.04.14.day10	114
14989.soil.hip.UTK.K016.01.2016.04.15.day11	51
14989.soil.hip.UTK.K016.01.2016.04.16.day12	59
14989.soil.hip.UTK.K016.01.2016.04.17.day13	41
14989.soil.hip.UTK.K016.01.2016.04.18.day14	34
14989.soil.hip.UTK.K016.01.2016.04.21.day17	60
14989.soil.hip.UTK.K016.01.2016.04.22.day18	100
14989.soil.hip.UTK.K016.01.2016.04.23.day19	38
14989.soil.hip.UTK.K016.01.2016.04.24.day20	69
14989.soil.hip.UTK.K016.01.2016.04.25.day21	63
14989.soil.hip.UTK.K016.02.2016.04.13.day1	115
14989.soil.hip.UTK.K016.02.2016.04.14.day2	133
14989.soil.hip.UTK.K016.02.2016.04.16.day4	187
14989.soil.hip.UTK.K016.02.2016.04.18.day6	112
14989.soil.hip.UTK.K016.02.2016.04.24.day12	114
14989.soil.hip.UTK.K016.02.2016.04.25.day13	148
14989.soil.hip.UTK.K016.02.2016.04.26.day14	61
14989.soil.hip.UTK.K016.02.2016.04.27.day15	111
14989.soil.hip.UTK.K016.02.2016.04.28.day16	64
14989.soil.hip.UTK.K016.02.2016.04.29.day17	101
14989.soil.hip.UTK.K016.02.2016.04.30.day18	58
14989.soil.hip.UTK.K016.02.2016.05.01.day19	97
14989.soil.hip.UTK.K016.02.2016.05.03.day21	100
14989.soil.hip.UTK.K016.03.2016.05.06.day1	136
14989.soil.hip.UTK.K016.03.2016.05.07.day2	225
14989.soil.hip.UTK.K016.03.2016.05.08.day3	160
14989.soil.hip.UTK.K016.03.2016.05.10.day5	91
14989.soil.hip.UTK.K016.03.2016.05.11.day6	117
14989.soil.hip.UTK.K016.03.2016.05.13.day8	90
14989.soil.hip.UTK.K016.03.2016.05.14.day9	95
14989.soil.hip.UTK.K016.03.2016.05.15.day10	134
14989.soil.hip.UTK.K016.03.2016.05.16.day11	47
14989.soil.hip.UTK.K016.03.2016.05.17.day12	127
14989.soil.hip.UTK.K016.03.2016.05.18.day13	86
14989.soil.hip.UTK.K016.03.2016.05.19.day14	96
14989.soil.hip.UTK.K016.03.2016.05.20.day15	74
14989.soil.hip.UTK.K016.03.2016.05.21.day16	140
14989.skin.hip.CMU.16.03.2016.3.day3	74
14989.skin.hip.CMU.16.04.2016.mo.day8	46
14989.skin.hip.SHSU.2016.007.2016.04.17.day3	78
14989.skin.hip.SHSU.2016.007.2016.04.18.day4	30
14989.skin.hip.SHSU.2016.007.2016.04.19.day5	34
14989.skin.hip.SHSU.2016.007.2016.04.20.day6	30
14989.skin.hip.SHSU.2016.007.2016.04.21.day7	39
14989.skin.hip.SHSU.2016.007.2016.04.22.day8	37
14989.skin.hip.SHSU.2016.007.2016.04.23.day9	41
14989.skin.hip.SHSU.2016.007.2016.04.24.day10	67
14989.skin.hip.SHSU.2016.007.2016.04.25.day11	51
14989.skin.hip.SHSU.2016.007.2016.04.26.day12	47
14989.skin.hip.SHSU.2016.007.2016.04.27.day13	50
14989.skin.hip.SHSU.2016.007.2016.04.28.day14	75
14989.skin.hip.SHSU.2016.007.2016.04.29.day15	65
14989.skin.hip.SHSU.2016.007.2016.04.30.day16	63
14989.skin.hip.SHSU.2016.007.2016.05.01.day17	74
14989.skin.hip.SHSU.2016.007.2016.05.02.day18	91
14989.skin.hip.SHSU.2016.007.2016.05.03.day19	95
14989.skin.hip.SHSU.2016.007.2016.05.04.day20	142
14989.skin.hip.SHSU.2016.007.2016.05.05.day21	68
14989.skin.hip.SHSU.2016.011.2016.04.15.day1	15
14989.skin.hip.SHSU.2016.011.2016.04.16.day2	32
14989.skin.hip.SHSU.2016.011.2016.04.17.day3	32
14989.skin.hip.SHSU.2016.011.2016.04.18.day4	34
14989.skin.hip.SHSU.2016.011.2016.04.19.day5	43
14989.skin.hip.SHSU.2016.011.2016.04.20.day6	46
14989.skin.hip.SHSU.2016.011.2016.04.21.day7	53
14989.skin.hip.SHSU.2016.011.2016.04.22.day8	69
14989.skin.hip.SHSU.2016.011.2016.04.23.day9	83
14989.skin.hip.SHSU.2016.011.2016.04.24.day10	77
14989.skin.hip.SHSU.2016.011.2016.04.25.day11	65
14989.skin.hip.SHSU.2016.011.2016.04.26.day12	61
14989.skin.hip.SHSU.2016.011.2016.04.27.day13	56
14989.skin.hip.SHSU.2016.011.2016.04.28.day14	106
14989.skin.hip.SHSU.2016.011.2016.04.29.day15	56
14989.skin.hip.SHSU.2016.011.2016.04.30.day16	114
14989.skin.hip.SHSU.2016.011.2016.05.01.day17	108
14989.skin.hip.SHSU.2016.011.2016.05.02.day18	70
14989.skin.hip.SHSU.2016.011.2016.05.03.day19	75
14989.skin.hip.SHSU.2016.011.2016.05.04.day20	77
14989.skin.hip.SHSU.2016.011.2016.05.05.day21	109
14989.skin.hip.SHSU.2016.024.2016.04.17.day3	109
14989.skin.hip.SHSU.2016.024.2016.04.18.day4	106
14989.skin.hip.SHSU.2016.024.2016.04.19.day5	52
14989.skin.hip.SHSU.2016.024.2016.04.20.day6	34
14989.skin.hip.SHSU.2016.024.2016.04.21.day7	33
14989.skin.hip.SHSU.2016.024.2016.04.22.day8	56
14989.skin.hip.SHSU.2016.024.2016.04.23.day9	91
14989.skin.hip.SHSU.2016.024.2016.04.24.day10	101
14989.skin.hip.SHSU.2016.024.2016.04.25.day11	69
14989.skin.hip.SHSU.2016.024.2016.04.26.day12	87
14989.skin.hip.SHSU.2016.024.2016.04.27.day13	124
14989.skin.hip.SHSU.2016.024.2016.04.28.day14	91
14989.skin.hip.SHSU.2016.024.2016.04.29.day15	50
14989.skin.hip.SHSU.2016.024.2016.04.30.day16	51
14989.skin.hip.SHSU.2016.024.2016.05.01.day17	32
14989.skin.hip.SHSU.2016.024.2016.05.02.day18	50
14989.skin.hip.SHSU.2016.024.2016.05.03.day19	59
14989.skin.hip.SHSU.2016.024.2016.05.04.day20	69
14989.skin.hip.SHSU.2016.024.2016.05.05.day21	44
14989.skin.hip.UTK.K016.01.2016.04.09.day5	174
14989.skin.hip.UTK.K016.01.2016.04.17.day13	89
14989.skin.hip.UTK.K016.01.2016.04.18.day14	33
14989.skin.hip.UTK.K016.01.2016.04.19.day15	46
14989.skin.hip.UTK.K016.01.2016.04.20.day16	36
14989.skin.hip.UTK.K016.01.2016.04.21.day17	61
14989.skin.hip.UTK.K016.01.2016.04.22.day18	35
14989.skin.hip.UTK.K016.01.2016.04.23.day19	48
14989.skin.hip.UTK.K016.01.2016.04.24.day20	39
14989.skin.hip.UTK.K016.02.2016.04.19.day7	74
14989.skin.hip.UTK.K016.02.2016.04.20.day8	99
14989.skin.hip.UTK.K016.02.2016.04.21.day9	29
14989.skin.hip.UTK.K016.02.2016.04.22.day10	24
14989.skin.hip.UTK.K016.02.2016.04.23.day11	48
14989.skin.hip.UTK.K016.02.2016.04.24.day12	29
14989.skin.hip.UTK.K016.02.2016.04.25.day13	57
14989.skin.hip.UTK.K016.02.2016.04.26.day14	46
14989.skin.hip.UTK.K016.02.2016.04.27.day15	36
14989.skin.hip.UTK.K016.02.2016.04.28.day16	40
14989.skin.hip.UTK.K016.02.2016.04.29.day17	37
14989.skin.hip.UTK.K016.02.2016.04.30.day18	25
14989.skin.hip.UTK.K016.02.2016.05.01.day19	33
14989.skin.hip.UTK.K016.02.2016.05.02.day20	30
14989.skin.hip.UTK.K016.02.2016.05.03.day21	28
14989.skin.hip.UTK.K016.03.2016.05.08.day3	129
14989.skin.hip.UTK.K016.03.2016.05.09.day4	236
14989.skin.hip.UTK.K016.03.2016.05.10.day5	155
14989.skin.hip.UTK.K016.03.2016.05.11.day6	134
14989.skin.hip.UTK.K016.03.2016.05.13.day8	46
14989.skin.hip.UTK.K016.03.2016.05.14.day9	34
14989.skin.hip.UTK.K016.03.2016.05.15.day10	29
14989.skin.hip.UTK.K016.03.2016.05.16.day11	44
14989.skin.hip.UTK.K016.03.2016.05.17.day12	42
14989.skin.hip.UTK.K016.03.2016.05.18.day13	59
14989.skin.hip.UTK.K016.03.2016.05.19.day14	64
14989.skin.hip.UTK.K016.03.2016.05.20.day15	65
14989.skin.hip.UTK.K016.03.2016.05.21.day16	49
14989.skin.hip.UTK.K016.03.2016.05.22.day17	59
14989.skin.hip.UTK.K016.03.2016.05.23.day18	39
14989.skin.hip.UTK.K016.03.2016.05.24.day19	61
14989.skin.hip.UTK.K016.03.2016.05.25.day20	56
14989.skin.hip.UTK.K016.03.2016.05.26.day21	42
14989.soil.hip.CMU.16.03.2016.3.day10	82
14989.soil.hip.CMU.16.03.2016.3.day15	141
14989.soil.hip.CMU.16.04.2016.mo.day19	32
14989.soil.hip.SHSU.2016.007.2016.04.19.day5	122
14989.soil.hip.SHSU.2016.007.2016.04.22.day8	92
14989.soil.hip.SHSU.2016.007.2016.04.23.day9	100
14989.soil.hip.SHSU.2016.007.2016.04.24.day10	109
14989.soil.hip.SHSU.2016.007.2016.04.25.day11	54
14989.soil.hip.SHSU.2016.007.2016.04.26.day12	76
14989.soil.hip.SHSU.2016.007.2016.04.27.day13	104
14989.soil.hip.SHSU.2016.007.2016.04.28.day14	167
14989.soil.hip.SHSU.2016.007.2016.04.29.day15	92
14989.soil.hip.SHSU.2016.007.2016.04.30.day16	135
14989.soil.hip.SHSU.2016.007.2016.05.01.day17	97
14989.soil.hip.SHSU.2016.007.2016.05.02.day18	75
14989.soil.hip.SHSU.2016.007.2016.05.03.day19	66
14989.soil.hip.SHSU.2016.007.2016.05.04.day20	130
14989.soil.hip.SHSU.2016.007.2016.05.05.day21	64
14989.soil.hip.SHSU.2016.011.2016.04.19.day5	68
14989.soil.hip.SHSU.2016.011.2016.04.22.day8	40
14989.soil.hip.SHSU.2016.011.2016.04.23.day9	61
14989.soil.hip.SHSU.2016.011.2016.04.24.day10	67
14989.soil.hip.SHSU.2016.011.2016.04.25.day11	68
14989.soil.hip.SHSU.2016.011.2016.04.26.day12	85
14989.soil.hip.SHSU.2016.011.2016.04.27.day13	103
14989.soil.hip.SHSU.2016.011.2016.04.28.day14	69
14989.soil.hip.SHSU.2016.011.2016.04.29.day15	90
14989.soil.hip.SHSU.2016.011.2016.04.30.day16	115
14989.soil.hip.SHSU.2016.011.2016.05.01.day17	69
14989.soil.hip.SHSU.2016.011.2016.05.02.day18	76
14989.soil.hip.SHSU.2016.011.2016.05.03.day19	97
14989.soil.hip.SHSU.2016.011.2016.05.04.day20	77
14989.soil.hip.SHSU.2016.011.2016.05.05.day21	101
14989.soil.hip.SHSU.2016.024.2016.04.19.day5	49
14989.soil.hip.SHSU.2016.024.2016.04.22.day8	80
14989.soil.hip.SHSU.2016.024.2016.04.23.day9	69
14989.soil.hip.SHSU.2016.024.2016.04.24.day10	89
14989.soil.hip.SHSU.2016.024.2016.04.26.day12	57
14989.soil.hip.SHSU.2016.024.2016.04.27.day13	110
14989.soil.hip.SHSU.2016.024.2016.04.28.day14	92
14989.soil.hip.SHSU.2016.024.2016.04.29.day15	118
14989.soil.hip.SHSU.2016.024.2016.04.30.day16	189
14989.soil.hip.SHSU.2016.024.2016.05.01.day17	169
14989.soil.hip.SHSU.2016.024.2016.05.02.day18	114
14989.soil.hip.SHSU.2016.024.2016.05.03.day19	38
14989.soil.hip.SHSU.2016.024.2016.05.04.day20	66
14989.soil.hip.SHSU.2016.024.2016.05.05.day21	188
14989.soil.hip.UTK.K016.01.2016.04.19.day15	66
14989.soil.hip.UTK.K016.01.2016.04.20.day16	44
14989.soil.hip.UTK.K016.02.2016.04.19.day7	182
14989.soil.hip.UTK.K016.02.2016.04.20.day8	179
14989.soil.hip.UTK.K016.02.2016.04.21.day9	301
14989.soil.hip.UTK.K016.02.2016.04.22.day10	231
14989.soil.hip.UTK.K016.02.2016.04.23.day11	223
14989.soil.hip.UTK.K016.02.2016.05.02.day20	210
14989.soil.hip.UTK.K016.03.2016.05.22.day17	89
14989.soil.hip.UTK.K016.03.2016.05.23.day18	41
14989.soil.hip.UTK.K016.03.2016.05.24.day19	116
14989.soil.hip.UTK.K016.03.2016.05.25.day20	84
14989.soil.hip.UTK.K016.03.2016.05.26.day21	92
